Data1,Data2,Data3
9.099437323081904,0.7155476092173352,9.515524701093529
2.713243713063931,1.83388736200078,0.2804106414476548
7.466046708204264,2.8704293914547643,5.616377567340233
